Codons	Synonymous	Non_Synonymous
GCA	1	2
GCC	1	2
GCG	1	2
GCT	1	2
TGC	0.3333333333	2.6666666667
TGT	0.3333333333	2.6666666667
GAC	0.3333333333	2.6666666667
GAT	0.3333333333	2.6666666667
GAA	0.3333333333	2.6666666667
GAG	0.3333333333	2.6666666667
TTC	0.3333333333	2.6666666667
TTT	0.3333333333	2.6666666667
GGA	1	2
GGC	1	2
GGG	1	2
GGT	1	2
CAC	0.3333333333	2.6666666667
CAT	0.3333333333	2.6666666667
ATA	0.6666666667	2.3333333333
ATC	0.6666666667	2.3333333333
ATT	0.6666666667	2.3333333333
AAA	0.3333333333	2.6666666667
AAG	0.3333333333	2.6666666667
CTA	1.3333333333	1.6666666667
CTC	1	2
CTG	1.3333333333	1.6666666667
CTT	1	2
TTA	0.6666666667	2.3333333333
TTG	0.6666666667	2.3333333333
ATG	0	3
AAC	0.3333333333	2.6666666667
AAT	0.3333333333	2.6666666667
CCA	1	2
CCC	1	2
CCG	1	2
CCT	1	2
CAA	0.3333333333	2.6666666667
CAG	0.3333333333	2.6666666667
AGA	0.6666666667	2.3333333333
AGG	0.6666666667	2.3333333333
CGA	1.3333333333	1.6666666667
CGC	1	2
CGG	1.3333333333	1.6666666667
CGT	1	2
AGC	0.3333333333	2.6666666667
AGT	0.3333333333	2.6666666667
TCA	1	2
TCC	1	2
TCG	1	2
TCT	1	2
TAA	0.6666666667	2.3333333333
TAG	0.3333333333	2.6666666667
TGA	0.3333333333	2.6666666667
ACA	1	2
ACC	1	2
ACG	1	2
ACT	1	2
GTA	1	2
GTC	1	2
GTG	1	2
GTT	1	2
TGG	0	3
TAC	0.3333333333	2.6666666667
TAT	0.3333333333	2.6666666667